Game_ID,GAME_DATE,Season,away_team_id,home_team_id
21701214,"APR 10, 2018",2017-18,1610612755,1610612737
21701202,"APR 08, 2018",2017-18,1610612737,1610612738
21701184,"APR 06, 2018",2017-18,1610612737,1610612764
21701172,"APR 04, 2018",2017-18,1610612748,1610612737
21701158,"APR 03, 2018",2017-18,1610612737,1610612748
21701147,"APR 01, 2018",2017-18,1610612753,1610612737
21701130,"MAR 30, 2018",2017-18,1610612755,1610612737
21701120,"MAR 28, 2018",2017-18,1610612737,1610612750
21701101,"MAR 25, 2018",2017-18,1610612737,1610612745
21701087,"MAR 23, 2018",2017-18,1610612737,1610612744
21701077,"MAR 22, 2018",2017-18,1610612737,1610612758
21701062,"MAR 20, 2018",2017-18,1610612737,1610612762
21701041,"MAR 17, 2018",2017-18,1610612737,1610612749
21701021,"MAR 15, 2018",2017-18,1610612766,1610612737
21701007,"MAR 13, 2018",2017-18,1610612760,1610612737
21700993,"MAR 11, 2018",2017-18,1610612741,1610612737
21700978,"MAR 09, 2018",2017-18,1610612737,1610612754
21700958,"MAR 06, 2018",2017-18,1610612737,1610612761
21700943,"MAR 04, 2018",2017-18,1610612756,1610612737
21700928,"MAR 02, 2018",2017-18,1610612744,1610612737
21700915,"FEB 28, 2018",2017-18,1610612754,1610612737
21700897,"FEB 26, 2018",2017-18,1610612747,1610612737
21700874,"FEB 23, 2018",2017-18,1610612737,1610612754
21700853,"FEB 14, 2018",2017-18,1610612737,1610612765
21700848,"FEB 13, 2018",2017-18,1610612737,1610612749
21700834,"FEB 11, 2018",2017-18,1610612765,1610612737
21700819,"FEB 09, 2018",2017-18,1610612739,1610612737
21700811,"FEB 08, 2018",2017-18,1610612737,1610612753
21700799,"FEB 06, 2018",2017-18,1610612763,1610612737
21700786,"FEB 04, 2018",2017-18,1610612737,1610612752
21700767,"FEB 02, 2018",2017-18,1610612737,1610612738
21700755,"JAN 31, 2018",2017-18,1610612766,1610612737
21700739,"JAN 29, 2018",2017-18,1610612750,1610612737
21700726,"JAN 27, 2018",2017-18,1610612764,1610612737
21700714,"JAN 26, 2018",2017-18,1610612737,1610612766
21700705,"JAN 24, 2018",2017-18,1610612761,1610612737
21700688,"JAN 22, 2018",2017-18,1610612762,1610612737
21700675,"JAN 20, 2018",2017-18,1610612741,1610612737
21700654,"JAN 17, 2018",2017-18,1610612740,1610612737
21700641,"JAN 15, 2018",2017-18,1610612759,1610612737
21700621,"JAN 12, 2018",2017-18,1610612751,1610612737
21700612,"JAN 10, 2018",2017-18,1610612737,1610612743
21700598,"JAN 08, 2018",2017-18,1610612737,1610612746
21700590,"JAN 07, 2018",2017-18,1610612737,1610612747
21700576,"JAN 05, 2018",2017-18,1610612737,1610612757
21700551,"JAN 02, 2018",2017-18,1610612737,1610612756
21700533,"DEC 30, 2017",2017-18,1610612757,1610612737
21700522,"DEC 29, 2017",2017-18,1610612737,1610612761
21700508,"DEC 27, 2017",2017-18,1610612764,1610612737
21700484,"DEC 23, 2017",2017-18,1610612742,1610612737
21700477,"DEC 22, 2017",2017-18,1610612737,1610612760
21700455,"DEC 20, 2017",2017-18,1610612754,1610612737
21700443,"DEC 18, 2017",2017-18,1610612748,1610612737
21700425,"DEC 15, 2017",2017-18,1610612737,1610612763
21700413,"DEC 14, 2017",2017-18,1610612765,1610612737
21700397,"DEC 12, 2017",2017-18,1610612737,1610612739
21700390,"DEC 10, 2017",2017-18,1610612737,1610612752
21700378,"DEC 09, 2017",2017-18,1610612753,1610612737
21700355,"DEC 06, 2017",2017-18,1610612737,1610612753
21700342,"DEC 04, 2017",2017-18,1610612751,1610612737
21700328,"DEC 02, 2017",2017-18,1610612737,1610612751
21700313,"NOV 30, 2017",2017-18,1610612739,1610612737
21700280,"NOV 25, 2017",2017-18,1610612761,1610612737
21700268,"NOV 24, 2017",2017-18,1610612752,1610612737
21700256,"NOV 22, 2017",2017-18,1610612746,1610612737
21700250,"NOV 20, 2017",2017-18,1610612737,1610612759
21700230,"NOV 18, 2017",2017-18,1610612738,1610612737
21700204,"NOV 15, 2017",2017-18,1610612758,1610612737
21700195,"NOV 13, 2017",2017-18,1610612737,1610612740
21700177,"NOV 11, 2017",2017-18,1610612737,1610612764
21700169,"NOV 10, 2017",2017-18,1610612737,1610612765
21700146,"NOV 06, 2017",2017-18,1610612738,1610612737
21700136,"NOV 05, 2017",2017-18,1610612737,1610612739
21700123,"NOV 03, 2017",2017-18,1610612745,1610612737
21700107,"NOV 01, 2017",2017-18,1610612737,1610612755
21700085,"OCT 29, 2017",2017-18,1610612749,1610612737
21700072,"OCT 27, 2017",2017-18,1610612743,1610612737
21700065,"OCT 26, 2017",2017-18,1610612737,1610612741
21700042,"OCT 23, 2017",2017-18,1610612737,1610612748
21700038,"OCT 22, 2017",2017-18,1610612737,1610612751
21700017,"OCT 20, 2017",2017-18,1610612737,1610612766
21700009,"OCT 18, 2017",2017-18,1610612737,1610612742
21701219,"APR 11, 2018",2017-18,1610612751,1610612738
21701215,"APR 10, 2018",2017-18,1610612738,1610612764
21701185,"APR 06, 2018",2017-18,1610612741,1610612738
21701171,"APR 04, 2018",2017-18,1610612738,1610612761
21701162,"APR 03, 2018",2017-18,1610612738,1610612749
21701140,"MAR 31, 2018",2017-18,1610612761,1610612738
21701121,"MAR 28, 2018",2017-18,1610612738,1610612762
21701107,"MAR 26, 2018",2017-18,1610612738,1610612756
21701099,"MAR 25, 2018",2017-18,1610612738,1610612758
21701086,"MAR 23, 2018",2017-18,1610612738,1610612757
21701059,"MAR 20, 2018",2017-18,1610612760,1610612738
21701047,"MAR 18, 2018",2017-18,1610612738,1610612740
21701029,"MAR 16, 2018",2017-18,1610612738,1610612753
21701017,"MAR 14, 2018",2017-18,1610612764,1610612738
21700998,"MAR 11, 2018",2017-18,1610612754,1610612738
21700974,"MAR 08, 2018",2017-18,1610612738,1610612750
21700953,"MAR 05, 2018",2017-18,1610612738,1610612741
21700939,"MAR 03, 2018",2017-18,1610612738,1610612745
21700916,"FEB 28, 2018",2017-18,1610612766,1610612738
21700898,"FEB 26, 2018",2017-18,1610612763,1610612738
21700886,"FEB 24, 2018",2017-18,1610612738,1610612752
21700873,"FEB 23, 2018",2017-18,1610612738,1610612765
21700858,"FEB 14, 2018",2017-18,1610612746,1610612738
21700835,"FEB 11, 2018",2017-18,1610612739,1610612738
21700820,"FEB 09, 2018",2017-18,1610612754,1610612738
21700813,"FEB 08, 2018",2017-18,1610612738,1610612764
21700798,"FEB 06, 2018",2017-18,1610612738,1610612761
21700784,"FEB 04, 2018",2017-18,1610612757,1610612738
21700758,"JAN 31, 2018",2017-18,1610612752,1610612738
21700743,"JAN 29, 2018",2017-18,1610612738,1610612743
21700728,"JAN 27, 2018",2017-18,1610612738,1610612744
21700709,"JAN 24, 2018",2017-18,1610612738,1610612746
21700700,"JAN 23, 2018",2017-18,1610612738,1610612747
21700683,"JAN 21, 2018",2017-18,1610612753,1610612738
21700663,"JAN 18, 2018",2017-18,1610612755,1610612738
21700650,"JAN 16, 2018",2017-18,1610612740,1610612738
21700614,"JAN 11, 2018",2017-18,1610612738,1610612755
21700579,"JAN 06, 2018",2017-18,1610612738,1610612751
21700570,"JAN 05, 2018",2017-18,1610612750,1610612738
21700559,"JAN 03, 2018",2017-18,1610612739,1610612738
21700539,"DEC 31, 2017",2017-18,1610612751,1610612738
21700517,"DEC 28, 2017",2017-18,1610612745,1610612738
21700506,"DEC 27, 2017",2017-18,1610612738,1610612766
21700495,"DEC 25, 2017",2017-18,1610612764,1610612738
21700485,"DEC 23, 2017",2017-18,1610612741,1610612738
21700468,"DEC 21, 2017",2017-18,1610612738,1610612752
21700456,"DEC 20, 2017",2017-18,1610612748,1610612738
21700442,"DEC 18, 2017",2017-18,1610612738,1610612754
21700436,"DEC 16, 2017",2017-18,1610612738,1610612763
21700423,"DEC 15, 2017",2017-18,1610612762,1610612738
21700407,"DEC 13, 2017",2017-18,1610612743,1610612738
21700391,"DEC 11, 2017",2017-18,1610612738,1610612741
21700386,"DEC 10, 2017",2017-18,1610612738,1610612765
21700374,"DEC 08, 2017",2017-18,1610612738,1610612759
21700356,"DEC 06, 2017",2017-18,1610612742,1610612738
21700343,"DEC 04, 2017",2017-18,1610612749,1610612738
21700326,"DEC 02, 2017",2017-18,1610612756,1610612738
21700314,"NOV 30, 2017",2017-18,1610612755,1610612738
21700292,"NOV 27, 2017",2017-18,1610612765,1610612738
21700281,"NOV 25, 2017",2017-18,1610612738,1610612754
21700269,"NOV 24, 2017",2017-18,1610612753,1610612738
21700257,"NOV 22, 2017",2017-18,1610612738,1610612748
21700249,"NOV 20, 2017",2017-18,1610612738,1610612742
21700215,"NOV 16, 2017",2017-18,1610612744,1610612738
21700201,"NOV 14, 2017",2017-18,1610612738,1610612751
21700188,"NOV 12, 2017",2017-18,1610612761,1610612738
21700170,"NOV 10, 2017",2017-18,1610612766,1610612738
21700161,"NOV 08, 2017",2017-18,1610612747,1610612738
21700138,"NOV 05, 2017",2017-18,1610612738,1610612753
21700129,"NOV 03, 2017",2017-18,1610612738,1610612760
21700109,"NOV 01, 2017",2017-18,1610612758,1610612738
21700092,"OCT 30, 2017",2017-18,1610612759,1610612738
21700078,"OCT 28, 2017",2017-18,1610612738,1610612748
21700067,"OCT 26, 2017",2017-18,1610612738,1610612749
21700051,"OCT 24, 2017",2017-18,1610612752,1610612738
21700019,"OCT 20, 2017",2017-18,1610612738,1610612755
21700007,"OCT 18, 2017",2017-18,1610612749,1610612738
21700001,"OCT 17, 2017",2017-18,1610612738,1610612739
21701205,"APR 09, 2018",2017-18,1610612741,1610612751
21701193,"APR 07, 2018",2017-18,1610612751,1610612741
21701178,"APR 05, 2018",2017-18,1610612751,1610612749
21701157,"APR 03, 2018",2017-18,1610612751,1610612755
21701148,"APR 01, 2018",2017-18,1610612765,1610612751
21701141,"MAR 31, 2018",2017-18,1610612751,1610612748
21701117,"MAR 28, 2018",2017-18,1610612751,1610612753
21701094,"MAR 25, 2018",2017-18,1610612739,1610612751
21701082,"MAR 23, 2018",2017-18,1610612751,1610612761
21701067,"MAR 21, 2018",2017-18,1610612766,1610612751
21701053,"MAR 19, 2018",2017-18,1610612763,1610612751
21701037,"MAR 17, 2018",2017-18,1610612742,1610612751
21701030,"MAR 16, 2018",2017-18,1610612751,1610612755
21701008,"MAR 13, 2018",2017-18,1610612761,1610612751
21700999,"MAR 11, 2018",2017-18,1610612755,1610612751
21700972,"MAR 08, 2018",2017-18,1610612751,1610612766
21700963,"MAR 06, 2018",2017-18,1610612751,1610612744
21700948,"MAR 04, 2018",2017-18,1610612751,1610612746
21700924,"MAR 01, 2018",2017-18,1610612751,1610612758
21700908,"FEB 27, 2018",2017-18,1610612751,1610612739
21700899,"FEB 26, 2018",2017-18,1610612741,1610612751
21700867,"FEB 22, 2018",2017-18,1610612751,1610612766
21700856,"FEB 14, 2018",2017-18,1610612754,1610612751
21700843,"FEB 12, 2018",2017-18,1610612746,1610612751
21700826,"FEB 10, 2018",2017-18,1610612740,1610612751
21700805,"FEB 07, 2018",2017-18,1610612751,1610612765
21700800,"FEB 06, 2018",2017-18,1610612745,1610612751
21700785,"FEB 04, 2018",2017-18,1610612749,1610612751
21700768,"FEB 02, 2018",2017-18,1610612747,1610612751
21700756,"JAN 31, 2018",2017-18,1610612755,1610612751
21700745,"JAN 30, 2018",2017-18,1610612751,1610612752
21700729,"JAN 27, 2018",2017-18,1610612751,1610612750
21700719,"JAN 26, 2018",2017-18,1610612751,1610612749
21700697,"JAN 23, 2018",2017-18,1610612751,1610612760
21700685,"JAN 21, 2018",2017-18,1610612751,1610612765
21700668,"JAN 19, 2018",2017-18,1610612748,1610612751
21700655,"JAN 17, 2018",2017-18,1610612759,1610612751
21700642,"JAN 15, 2018",2017-18,1610612752,1610612751
21700630,"JAN 13, 2018",2017-18,1610612751,1610612764
21700606,"JAN 10, 2018",2017-18,1610612765,1610612751
21700592,"JAN 08, 2018",2017-18,1610612761,1610612751
21700557,"JAN 03, 2018",2017-18,1610612750,1610612751
21700545,"JAN 01, 2018",2017-18,1610612753,1610612751
21700523,"DEC 29, 2017",2017-18,1610612751,1610612748
21700511,"DEC 27, 2017",2017-18,1610612751,1610612740
21700502,"DEC 26, 2017",2017-18,1610612751,1610612759
21700482,"DEC 23, 2017",2017-18,1610612751,1610612754
21700473,"DEC 22, 2017",2017-18,1610612764,1610612751
21700457,"DEC 20, 2017",2017-18,1610612758,1610612751
21700439,"DEC 17, 2017",2017-18,1610612754,1610612751
21700424,"DEC 15, 2017",2017-18,1610612751,1610612761
21700414,"DEC 14, 2017",2017-18,1610612752,1610612751
21700400,"DEC 12, 2017",2017-18,1610612764,1610612751
21700376,"DEC 09, 2017",2017-18,1610612748,1610612751
21700365,"DEC 07, 2017",2017-18,1610612760,1610612751
21700310,"NOV 29, 2017",2017-18,1610612751,1610612742
21700294,"NOV 27, 2017",2017-18,1610612751,1610612745
21700289,"NOV 26, 2017",2017-18,1610612751,1610612763
21700267,"NOV 24, 2017",2017-18,1610612757,1610612751
21700254,"NOV 22, 2017",2017-18,1610612751,1610612739
21700236,"NOV 19, 2017",2017-18,1610612744,1610612751
21700219,"NOV 17, 2017",2017-18,1610612762,1610612751
21700187,"NOV 11, 2017",2017-18,1610612751,1610612762
21700176,"NOV 10, 2017",2017-18,1610612751,1610612757
21700155,"NOV 07, 2017",2017-18,1610612751,1610612743
21700147,"NOV 06, 2017",2017-18,1610612751,1610612756
21700130,"NOV 03, 2017",2017-18,1610612751,1610612747
21700102,"OCT 31, 2017",2017-18,1610612756,1610612751
21700087,"OCT 29, 2017",2017-18,1610612743,1610612751
21700073,"OCT 27, 2017",2017-18,1610612751,1610612752
21700058,"OCT 25, 2017",2017-18,1610612739,1610612751
21700050,"OCT 24, 2017",2017-18,1610612751,1610612753
21700022,"OCT 20, 2017",2017-18,1610612753,1610612751
21700004,"OCT 18, 2017",2017-18,1610612751,1610612754
21701213,"APR 10, 2018",2017-18,1610612766,1610612754
21701197,"APR 08, 2018",2017-18,1610612754,1610612766
21701182,"APR 06, 2018",2017-18,1610612766,1610612753
21701160,"APR 03, 2018",2017-18,1610612766,1610612741
21701143,"APR 01, 2018",2017-18,1610612755,1610612766
21701138,"MAR 31, 2018",2017-18,1610612766,1610612764
21701116,"MAR 28, 2018",2017-18,1610612739,1610612766
21701103,"MAR 26, 2018",2017-18,1610612752,1610612766
21701093,"MAR 24, 2018",2017-18,1610612766,1610612742
21701072,"MAR 22, 2018",2017-18,1610612763,1610612766
21701052,"MAR 19, 2018",2017-18,1610612766,1610612755
21701038,"MAR 17, 2018",2017-18,1610612766,1610612752
21701011,"MAR 13, 2018",2017-18,1610612766,1610612740
21700987,"MAR 10, 2018",2017-18,1610612756,1610612766
21700957,"MAR 06, 2018",2017-18,1610612755,1610612766
21700944,"MAR 04, 2018",2017-18,1610612766,1610612761
21700927,"MAR 02, 2018",2017-18,1610612766,1610612755
21700907,"FEB 27, 2018",2017-18,1610612741,1610612766
21700892,"FEB 25, 2018",2017-18,1610612765,1610612766
21700875,"FEB 23, 2018",2017-18,1610612766,1610612764
21700854,"FEB 14, 2018",2017-18,1610612766,1610612753
21700833,"FEB 11, 2018",2017-18,1610612761,1610612766
21700824,"FEB 09, 2018",2017-18,1610612766,1610612762
21700814,"FEB 08, 2018",2017-18,1610612766,1610612757
21700794,"FEB 05, 2018",2017-18,1610612766,1610612743
21700789,"FEB 04, 2018",2017-18,1610612766,1610612756
21700766,"FEB 02, 2018",2017-18,1610612754,1610612766
21700738,"JAN 29, 2018",2017-18,1610612766,1610612754
21700727,"JAN 27, 2018",2017-18,1610612766,1610612748
21700701,"JAN 24, 2018",2017-18,1610612740,1610612766
21700687,"JAN 22, 2018",2017-18,1610612758,1610612766
21700676,"JAN 20, 2018",2017-18,1610612748,1610612766
21700653,"JAN 17, 2018",2017-18,1610612764,1610612766
21700638,"JAN 15, 2018",2017-18,1610612766,1610612765
21700629,"JAN 13, 2018",2017-18,1610612760,1610612766
21700618,"JAN 12, 2018",2017-18,1610612762,1610612766
21700603,"JAN 10, 2018",2017-18,1610612742,1610612766
21700577,"JAN 05, 2018",2017-18,1610612766,1610612747
21700552,"JAN 02, 2018",2017-18,1610612766,1610612758
21700542,"DEC 31, 2017",2017-18,1610612766,1610612746
21700528,"DEC 29, 2017",2017-18,1610612766,1610612744
21700481,"DEC 23, 2017",2017-18,1610612749,1610612766
21700476,"DEC 22, 2017",2017-18,1610612766,1610612749
21700454,"DEC 20, 2017",2017-18,1610612761,1610612766
21700441,"DEC 18, 2017",2017-18,1610612752,1610612766
21700429,"DEC 16, 2017",2017-18,1610612757,1610612766
21700418,"DEC 15, 2017",2017-18,1610612748,1610612766
21700412,"DEC 13, 2017",2017-18,1610612766,1610612745
21700394,"DEC 11, 2017",2017-18,1610612766,1610612760
21700377,"DEC 09, 2017",2017-18,1610612747,1610612766
21700367,"DEC 08, 2017",2017-18,1610612741,1610612766
21700358,"DEC 06, 2017",2017-18,1610612744,1610612766
21700339,"DEC 04, 2017",2017-18,1610612753,1610612766
21700321,"DEC 01, 2017",2017-18,1610612766,1610612748
21700307,"NOV 29, 2017",2017-18,1610612766,1610612761
21700277,"NOV 25, 2017",2017-18,1610612759,1610612766
21700270,"NOV 24, 2017",2017-18,1610612766,1610612739
21700253,"NOV 22, 2017",2017-18,1610612764,1610612766
21700241,"NOV 20, 2017",2017-18,1610612750,1610612766
21700228,"NOV 18, 2017",2017-18,1610612746,1610612766
21700222,"NOV 17, 2017",2017-18,1610612766,1610612741
21700207,"NOV 15, 2017",2017-18,1610612739,1610612766
21700152,"NOV 07, 2017",2017-18,1610612766,1610612752
21700143,"NOV 05, 2017",2017-18,1610612766,1610612750
21700126,"NOV 03, 2017",2017-18,1610612766,1610612759
21700105,"NOV 01, 2017",2017-18,1610612749,1610612766
21700096,"OCT 30, 2017",2017-18,1610612766,1610612763
21700088,"OCT 29, 2017",2017-18,1610612753,1610612766
21700070,"OCT 27, 2017",2017-18,1610612745,1610612766
21700055,"OCT 25, 2017",2017-18,1610612743,1610612766
21700044,"OCT 23, 2017",2017-18,1610612766,1610612749
21700003,"OCT 18, 2017",2017-18,1610612766,1610612765
21701224,"APR 11, 2018",2017-18,1610612765,1610612741
21701144,"APR 01, 2018",2017-18,1610612764,1610612741
21701129,"MAR 30, 2018",2017-18,1610612741,1610612753
21701125,"MAR 29, 2018",2017-18,1610612741,1610612748
21701111,"MAR 27, 2018",2017-18,1610612741,1610612745
21701089,"MAR 24, 2018",2017-18,1610612741,1610612765
21701083,"MAR 23, 2018",2017-18,1610612749,1610612741
21701069,"MAR 21, 2018",2017-18,1610612743,1610612741
21701055,"MAR 19, 2018",2017-18,1610612741,1610612752
21701039,"MAR 17, 2018",2017-18,1610612739,1610612741
21701024,"MAR 15, 2018",2017-18,1610612741,1610612763
21701010,"MAR 13, 2018",2017-18,1610612746,1610612741
21700977,"MAR 09, 2018",2017-18,1610612741,1610612765
21700967,"MAR 07, 2018",2017-18,1610612763,1610612741
21700930,"MAR 02, 2018",2017-18,1610612742,1610612741
21700888,"FEB 24, 2018",2017-18,1610612741,1610612750
21700870,"FEB 22, 2018",2017-18,1610612755,1610612741
21700859,"FEB 14, 2018",2017-18,1610612761,1610612741
21700844,"FEB 12, 2018",2017-18,1610612753,1610612741
21700829,"FEB 10, 2018",2017-18,1610612764,1610612741
21700822,"FEB 09, 2018",2017-18,1610612750,1610612741
21700795,"FEB 05, 2018",2017-18,1610612741,1610612758
21700775,"FEB 03, 2018",2017-18,1610612741,1610612746
21700759,"JAN 31, 2018",2017-18,1610612741,1610612757
21700731,"JAN 28, 2018",2017-18,1610612749,1610612741
21700717,"JAN 26, 2018",2017-18,1610612747,1610612741
21700704,"JAN 24, 2018",2017-18,1610612741,1610612755
21700692,"JAN 22, 2018",2017-18,1610612741,1610612740
21700657,"JAN 17, 2018",2017-18,1610612744,1610612741
21700644,"JAN 15, 2018",2017-18,1610612748,1610612741
21700632,"JAN 13, 2018",2017-18,1610612765,1610612741
21700607,"JAN 10, 2018",2017-18,1610612741,1610612752
21700593,"JAN 08, 2018",2017-18,1610612745,1610612741
21700581,"JAN 06, 2018",2017-18,1610612741,1610612754
21700572,"JAN 05, 2018",2017-18,1610612741,1610612742
21700560,"JAN 03, 2018",2017-18,1610612761,1610612741
21700547,"JAN 01, 2018",2017-18,1610612757,1610612741
21700537,"DEC 31, 2017",2017-18,1610612741,1610612764
21700524,"DEC 29, 2017",2017-18,1610612754,1610612741
21700509,"DEC 27, 2017",2017-18,1610612752,1610612741
21700501,"DEC 26, 2017",2017-18,1610612741,1610612749
21700466,"DEC 21, 2017",2017-18,1610612741,1610612739
21700458,"DEC 20, 2017",2017-18,1610612753,1610612741
21700444,"DEC 18, 2017",2017-18,1610612755,1610612741
21700426,"DEC 15, 2017",2017-18,1610612741,1610612749
21700409,"DEC 13, 2017",2017-18,1610612762,1610612741
21700380,"DEC 09, 2017",2017-18,1610612752,1610612741
21700354,"DEC 06, 2017",2017-18,1610612741,1610612754
21700344,"DEC 04, 2017",2017-18,1610612739,1610612741
21700322,"DEC 01, 2017",2017-18,1610612758,1610612741
21700315,"NOV 30, 2017",2017-18,1610612741,1610612743
21700299,"NOV 28, 2017",2017-18,1610612756,1610612741
21700287,"NOV 26, 2017",2017-18,1610612748,1610612741
21700276,"NOV 24, 2017",2017-18,1610612741,1610612744
21700265,"NOV 22, 2017",2017-18,1610612741,1610612762
21700252,"NOV 21, 2017",2017-18,1610612741,1610612747
21700239,"NOV 19, 2017",2017-18,1610612741,1610612756
21700212,"NOV 15, 2017",2017-18,1610612741,1610612760
21700183,"NOV 11, 2017",2017-18,1610612741,1610612759
21700171,"NOV 10, 2017",2017-18,1610612754,1610612741
21700153,"NOV 07, 2017",2017-18,1610612741,1610612761
21700133,"NOV 04, 2017",2017-18,1610612740,1610612741
21700120,"NOV 03, 2017",2017-18,1610612741,1610612753
21700110,"NOV 01, 2017",2017-18,1610612741,1610612748
21700079,"OCT 28, 2017",2017-18,1610612760,1610612741
21700049,"OCT 24, 2017",2017-18,1610612741,1610612739
21700031,"OCT 21, 2017",2017-18,1610612759,1610612741
21700014,"OCT 19, 2017",2017-18,1610612741,1610612761
21701220,"APR 11, 2018",2017-18,1610612752,1610612739
21701207,"APR 09, 2018",2017-18,1610612739,1610612752
21701183,"APR 06, 2018",2017-18,1610612739,1610612755
21701176,"APR 05, 2018",2017-18,1610612764,1610612739
21701156,"APR 03, 2018",2017-18,1610612761,1610612739
21701149,"APR 01, 2018",2017-18,1610612742,1610612739
21701131,"MAR 30, 2018",2017-18,1610612740,1610612739
21701110,"MAR 27, 2018",2017-18,1610612739,1610612748
21701080,"MAR 23, 2018",2017-18,1610612756,1610612739
21701065,"MAR 21, 2018",2017-18,1610612761,1610612739
21701050,"MAR 19, 2018",2017-18,1610612749,1610612739
21701028,"MAR 15, 2018",2017-18,1610612739,1610612757
21701014,"MAR 13, 2018",2017-18,1610612739,1610612756
21701000,"MAR 11, 2018",2017-18,1610612739,1610612747
21700986,"MAR 09, 2018",2017-18,1610612739,1610612746
21700970,"MAR 07, 2018",2017-18,1610612739,1610612743
21700950,"MAR 05, 2018",2017-18,1610612765,1610612739
21700937,"MAR 03, 2018",2017-18,1610612743,1610612739
21700923,"MAR 01, 2018",2017-18,1610612755,1610612739
21700894,"FEB 25, 2018",2017-18,1610612759,1610612739
21700878,"FEB 23, 2018",2017-18,1610612739,1610612763
21700869,"FEB 22, 2018",2017-18,1610612764,1610612739
21700850,"FEB 13, 2018",2017-18,1610612739,1610612760
21700807,"FEB 07, 2018",2017-18,1610612750,1610612739
21700797,"FEB 06, 2018",2017-18,1610612739,1610612753
21700779,"FEB 03, 2018",2017-18,1610612745,1610612739
21700757,"JAN 31, 2018",2017-18,1610612748,1610612739
21700747,"JAN 30, 2018",2017-18,1610612739,1610612765
21700734,"JAN 28, 2018",2017-18,1610612765,1610612739
21700715,"JAN 26, 2018",2017-18,1610612754,1610612739
21700698,"JAN 23, 2018",2017-18,1610612739,1610612759
21700674,"JAN 20, 2018",2017-18,1610612760,1610612739
21700664,"JAN 18, 2018",2017-18,1610612753,1610612739
21700646,"JAN 15, 2018",2017-18,1610612744,1610612739
21700619,"JAN 12, 2018",2017-18,1610612739,1610612754
21700615,"JAN 11, 2018",2017-18,1610612739,1610612761
21700594,"JAN 08, 2018",2017-18,1610612739,1610612750
21700582,"JAN 06, 2018",2017-18,1610612739,1610612753
21700549,"JAN 02, 2018",2017-18,1610612757,1610612739
21700534,"DEC 30, 2017",2017-18,1610612739,1610612762
21700513,"DEC 27, 2017",2017-18,1610612739,1610612758
21700494,"DEC 25, 2017",2017-18,1610612739,1610612744
21700453,"DEC 19, 2017",2017-18,1610612739,1610612749
21700440,"DEC 17, 2017",2017-18,1610612739,1610612764
21700430,"DEC 16, 2017",2017-18,1610612762,1610612739
21700415,"DEC 14, 2017",2017-18,1610612747,1610612739
21700379,"DEC 09, 2017",2017-18,1610612755,1610612739
21700369,"DEC 08, 2017",2017-18,1610612739,1610612754
21700353,"DEC 06, 2017",2017-18,1610612758,1610612739
21700329,"DEC 02, 2017",2017-18,1610612763,1610612739
21700298,"NOV 28, 2017",2017-18,1610612748,1610612739
21700291,"NOV 27, 2017",2017-18,1610612739,1610612755
21700242,"NOV 20, 2017",2017-18,1610612739,1610612765
21700220,"NOV 17, 2017",2017-18,1610612746,1610612739
21700193,"NOV 13, 2017",2017-18,1610612739,1610612752
21700181,"NOV 11, 2017",2017-18,1610612739,1610612742
21700166,"NOV 09, 2017",2017-18,1610612739,1610612745
21700149,"NOV 07, 2017",2017-18,1610612749,1610612739
21700122,"NOV 03, 2017",2017-18,1610612739,1610612764
21700106,"NOV 01, 2017",2017-18,1610612754,1610612739
21700090,"OCT 29, 2017",2017-18,1610612752,1610612739
21700077,"OCT 28, 2017",2017-18,1610612739,1610612740
21700028,"OCT 21, 2017",2017-18,1610612753,1610612739
21700021,"OCT 20, 2017",2017-18,1610612739,1610612749
21701216,"APR 10, 2018",2017-18,1610612756,1610612742
21701198,"APR 08, 2018",2017-18,1610612742,1610612755
21701181,"APR 06, 2018",2017-18,1610612742,1610612765
21701170,"APR 04, 2018",2017-18,1610612742,1610612753
21701164,"APR 03, 2018",2017-18,1610612757,1610612742
21701134,"MAR 30, 2018",2017-18,1610612750,1610612742
21701123,"MAR 28, 2018",2017-18,1610612742,1610612747
21701113,"MAR 27, 2018",2017-18,1610612742,1610612758
21701076,"MAR 22, 2018",2017-18,1610612762,1610612742
21701061,"MAR 20, 2018",2017-18,1610612742,1610612740
21701031,"MAR 16, 2018",2017-18,1610612742,1610612761
21701009,"MAR 13, 2018",2017-18,1610612742,1610612752
21700997,"MAR 11, 2018",2017-18,1610612745,1610612742
21700989,"MAR 10, 2018",2017-18,1610612763,1610612742
21700961,"MAR 06, 2018",2017-18,1610612743,1610612742
21700946,"MAR 04, 2018",2017-18,1610612740,1610612742
21700919,"FEB 28, 2018",2017-18,1610612760,1610612742
21700904,"FEB 26, 2018",2017-18,1610612754,1610612742
21700890,"FEB 24, 2018",2017-18,1610612742,1610612762
21700883,"FEB 23, 2018",2017-18,1610612742,1610612747
21700851,"FEB 13, 2018",2017-18,1610612758,1610612742
21700837,"FEB 11, 2018",2017-18,1610612742,1610612745
21700830,"FEB 10, 2018",2017-18,1610612747,1610612742
21700815,"FEB 08, 2018",2017-18,1610612742,1610612744
21700796,"FEB 05, 2018",2017-18,1610612742,1610612746
21700783,"FEB 03, 2018",2017-18,1610612742,1610612758
21700760,"JAN 31, 2018",2017-18,1610612742,1610612756
21700742,"JAN 29, 2018",2017-18,1610612748,1610612742
21700730,"JAN 27, 2018",2017-18,1610612742,1610612743
21700721,"JAN 26, 2018",2017-18,1610612757,1610612742
21700706,"JAN 24, 2018",2017-18,1610612745,1610612742
21700693,"JAN 22, 2018",2017-18,1610612764,1610612742
21700682,"JAN 20, 2018",2017-18,1610612742,1610612757
21700651,"JAN 16, 2018",2017-18,1610612742,1610612743
21700627,"JAN 13, 2018",2017-18,1610612747,1610612742
21700601,"JAN 09, 2018",2017-18,1610612753,1610612742
21700587,"JAN 07, 2018",2017-18,1610612752,1610612742
21700562,"JAN 03, 2018",2017-18,1610612744,1610612742
21700541,"DEC 31, 2017",2017-18,1610612742,1610612760
21700525,"DEC 29, 2017",2017-18,1610612742,1610612740
21700507,"DEC 27, 2017",2017-18,1610612742,1610612754
21700499,"DEC 26, 2017",2017-18,1610612761,1610612742
21700474,"DEC 22, 2017",2017-18,1610612742,1610612748
21700461,"DEC 20, 2017",2017-18,1610612765,1610612742
21700448,"DEC 18, 2017",2017-18,1610612756,1610612742
21700435,"DEC 16, 2017",2017-18,1610612742,1610612759
21700417,"DEC 14, 2017",2017-18,1610612742,1610612744
21700402,"DEC 12, 2017",2017-18,1610612759,1610612742
21700388,"DEC 10, 2017",2017-18,1610612742,1610612750
21700372,"DEC 08, 2017",2017-18,1610612742,1610612749
21700347,"DEC 04, 2017",2017-18,1610612743,1610612742
21700327,"DEC 02, 2017",2017-18,1610612746,1610612742
21700295,"NOV 27, 2017",2017-18,1610612742,1610612759
21700283,"NOV 25, 2017",2017-18,1610612760,1610612742
21700260,"NOV 22, 2017",2017-18,1610612742,1610612763
21700233,"NOV 18, 2017",2017-18,1610612749,1610612742
21700224,"NOV 17, 2017",2017-18,1610612750,1610612742
21700203,"NOV 14, 2017",2017-18,1610612759,1610612742
21700191,"NOV 12, 2017",2017-18,1610612742,1610612760
21700151,"NOV 07, 2017",2017-18,1610612742,1610612764
21700134,"NOV 04, 2017",2017-18,1610612742,1610612750
21700125,"NOV 03, 2017",2017-18,1610612740,1610612742
21700116,"NOV 01, 2017",2017-18,1610612742,1610612746
21700098,"OCT 30, 2017",2017-18,1610612742,1610612762
21700081,"OCT 28, 2017",2017-18,1610612755,1610612742
21700066,"OCT 26, 2017",2017-18,1610612742,1610612763
21700061,"OCT 25, 2017",2017-18,1610612763,1610612742
21700045,"OCT 23, 2017",2017-18,1610612744,1610612742
21700032,"OCT 21, 2017",2017-18,1610612742,1610612745
21700024,"OCT 20, 2017",2017-18,1610612758,1610612742
21701225,"APR 11, 2018",2017-18,1610612743,1610612750
21701211,"APR 09, 2018",2017-18,1610612757,1610612743
21701191,"APR 07, 2018",2017-18,1610612743,1610612746
21701180,"APR 05, 2018",2017-18,1610612750,1610612743
21701165,"APR 03, 2018",2017-18,1610612754,1610612743
21701152,"APR 01, 2018",2017-18,1610612749,1610612743
21701133,"MAR 30, 2018",2017-18,1610612743,1610612760
21701109,"MAR 27, 2018",2017-18,1610612743,1610612761
21701105,"MAR 26, 2018",2017-18,1610612743,1610612755
21701079,"MAR 23, 2018",2017-18,1610612743,1610612764
21701054,"MAR 19, 2018",2017-18,1610612743,1610612748
21701040,"MAR 17, 2018",2017-18,1610612743,1610612763
21701026,"MAR 15, 2018",2017-18,1610612765,1610612743
21701015,"MAR 13, 2018",2017-18,1610612743,1610612747
21700996,"MAR 11, 2018",2017-18,1610612758,1610612743
21700983,"MAR 09, 2018",2017-18,1610612747,1610612743
21700931,"MAR 02, 2018",2017-18,1610612743,1610612763
21700912,"FEB 27, 2018",2017-18,1610612746,1610612743
21700896,"FEB 25, 2018",2017-18,1610612745,1610612743
21700880,"FEB 23, 2018",2017-18,1610612759,1610612743
21700865,"FEB 15, 2018",2017-18,1610612743,1610612749
21700852,"FEB 13, 2018",2017-18,1610612759,1610612743
21700832,"FEB 10, 2018",2017-18,1610612743,1610612756
21700823,"FEB 09, 2018",2017-18,1610612743,1610612745
21700782,"FEB 03, 2018",2017-18,1610612744,1610612743
21700765,"FEB 01, 2018",2017-18,1610612760,1610612743
21700750,"JAN 30, 2018",2017-18,1610612743,1610612759
21700712,"JAN 25, 2018",2017-18,1610612752,1610612743
21700694,"JAN 22, 2018",2017-18,1610612757,1610612743
21700671,"JAN 19, 2018",2017-18,1610612756,1610612743
21700662,"JAN 17, 2018",2017-18,1610612743,1610612746
21700633,"JAN 13, 2018",2017-18,1610612743,1610612759
21700625,"JAN 12, 2018",2017-18,1610612763,1610612743
21700597,"JAN 08, 2018",2017-18,1610612743,1610612744
21700585,"JAN 06, 2018",2017-18,1610612743,1610612758
21700574,"JAN 05, 2018",2017-18,1610612762,1610612743
21700563,"JAN 03, 2018",2017-18,1610612756,1610612743
21700536,"DEC 30, 2017",2017-18,1610612755,1610612743
21700510,"DEC 27, 2017",2017-18,1610612743,1610612750
21700503,"DEC 26, 2017",2017-18,1610612762,1610612743
21700489,"DEC 23, 2017",2017-18,1610612743,1610612744
21700478,"DEC 22, 2017",2017-18,1610612743,1610612757
21700462,"DEC 20, 2017",2017-18,1610612750,1610612743
21700447,"DEC 18, 2017",2017-18,1610612743,1610612760
21700427,"DEC 15, 2017",2017-18,1610612740,1610612743
21700398,"DEC 12, 2017",2017-18,1610612743,1610612765
21700387,"DEC 10, 2017",2017-18,1610612743,1610612754
21700370,"DEC 08, 2017",2017-18,1610612743,1610612753
21700360,"DEC 06, 2017",2017-18,1610612743,1610612740
21700332,"DEC 02, 2017",2017-18,1610612747,1610612743
21700301,"NOV 28, 2017",2017-18,1610612743,1610612762
21700274,"NOV 24, 2017",2017-18,1610612763,1610612743
21700259,"NOV 22, 2017",2017-18,1610612743,1610612745
21700251,"NOV 20, 2017",2017-18,1610612743,1610612758
21700240,"NOV 19, 2017",2017-18,1610612743,1610612747
21700226,"NOV 17, 2017",2017-18,1610612740,1610612743
21700198,"NOV 13, 2017",2017-18,1610612743,1610612757
21700185,"NOV 11, 2017",2017-18,1610612753,1610612743
21700168,"NOV 09, 2017",2017-18,1610612760,1610612743
21700135,"NOV 04, 2017",2017-18,1610612744,1610612743
21700127,"NOV 03, 2017",2017-18,1610612748,1610612743
21700114,"NOV 01, 2017",2017-18,1610612761,1610612743
21700094,"OCT 30, 2017",2017-18,1610612743,1610612752
21700047,"OCT 23, 2017",2017-18,1610612764,1610612743
21700035,"OCT 21, 2017",2017-18,1610612758,1610612743
21700010,"OCT 18, 2017",2017-18,1610612743,1610612762
21701204,"APR 09, 2018",2017-18,1610612761,1610612765
21701199,"APR 08, 2018",2017-18,1610612765,1610612763
21701169,"APR 04, 2018",2017-18,1610612755,1610612765
21701139,"MAR 31, 2018",2017-18,1610612765,1610612752
21701124,"MAR 29, 2018",2017-18,1610612764,1610612765
21701104,"MAR 26, 2018",2017-18,1610612747,1610612765
21701074,"MAR 22, 2018",2017-18,1610612765,1610612745
21701063,"MAR 20, 2018",2017-18,1610612765,1610612756
21701057,"MAR 19, 2018",2017-18,1610612765,1610612758
21701045,"MAR 17, 2018",2017-18,1610612765,1610612757
21701013,"MAR 13, 2018",2017-18,1610612765,1610612762
21700966,"MAR 07, 2018",2017-18,1610612761,1610612765
21700938,"MAR 03, 2018",2017-18,1610612765,1610612748
21700926,"MAR 02, 2018",2017-18,1610612765,1610612753
21700913,"FEB 28, 2018",2017-18,1610612749,1610612765
21700901,"FEB 26, 2018",2017-18,1610612765,1610612761
21700841,"FEB 12, 2018",2017-18,1610612740,1610612765
21700817,"FEB 09, 2018",2017-18,1610612746,1610612765
21700790,"FEB 05, 2018",2017-18,1610612757,1610612765
21700776,"FEB 03, 2018",2017-18,1610612748,1610612765
21700761,"FEB 01, 2018",2017-18,1610612763,1610612765
21700724,"JAN 27, 2018",2017-18,1610612760,1610612765
21700702,"JAN 24, 2018",2017-18,1610612762,1610612765
21700669,"JAN 19, 2018",2017-18,1610612764,1610612765
21700656,"JAN 17, 2018",2017-18,1610612765,1610612761
21700595,"JAN 08, 2018",2017-18,1610612765,1610612740
21700580,"JAN 06, 2018",2017-18,1610612745,1610612765
21700569,"JAN 05, 2018",2017-18,1610612765,1610612755
21700558,"JAN 03, 2018",2017-18,1610612765,1610612748
21700530,"DEC 30, 2017",2017-18,1610612759,1610612765
21700516,"DEC 28, 2017",2017-18,1610612765,1610612753
21700498,"DEC 26, 2017",2017-18,1610612754,1610612765
21700471,"DEC 22, 2017",2017-18,1610612752,1610612765
21700438,"DEC 17, 2017",2017-18,1610612753,1610612765
21700419,"DEC 15, 2017",2017-18,1610612765,1610612754
21700368,"DEC 08, 2017",2017-18,1610612744,1610612765
21700359,"DEC 06, 2017",2017-18,1610612765,1610612749
21700348,"DEC 04, 2017",2017-18,1610612765,1610612759
21700330,"DEC 02, 2017",2017-18,1610612765,1610612755
21700320,"DEC 01, 2017",2017-18,1610612765,1610612764
21700303,"NOV 29, 2017",2017-18,1610612756,1610612765
21700273,"NOV 24, 2017",2017-18,1610612765,1610612760
21700238,"NOV 19, 2017",2017-18,1610612765,1610612750
21700217,"NOV 17, 2017",2017-18,1610612765,1610612754
21700209,"NOV 15, 2017",2017-18,1610612765,1610612749
21700189,"NOV 12, 2017",2017-18,1610612748,1610612765
21700159,"NOV 08, 2017",2017-18,1610612754,1610612765
21700132,"NOV 04, 2017",2017-18,1610612758,1610612765
21700119,"NOV 03, 2017",2017-18,1610612749,1610612765
21700104,"OCT 31, 2017",2017-18,1610612765,1610612747
21700091,"OCT 29, 2017",2017-18,1610612765,1610612744
21700084,"OCT 28, 2017",2017-18,1610612765,1610612746
21700056,"OCT 25, 2017",2017-18,1610612750,1610612765
21700041,"OCT 23, 2017",2017-18,1610612755,1610612765
21700030,"OCT 21, 2017",2017-18,1610612765,1610612752
21700020,"OCT 20, 2017",2017-18,1610612765,1610612764
21701217,"APR 10, 2018",2017-18,1610612744,1610612762
21701203,"APR 08, 2018",2017-18,1610612744,1610612756
21701195,"APR 07, 2018",2017-18,1610612740,1610612744
21701175,"APR 05, 2018",2017-18,1610612744,1610612754
21701163,"APR 03, 2018",2017-18,1610612744,1610612760
21701153,"APR 01, 2018",2017-18,1610612756,1610612744
21701142,"MAR 31, 2018",2017-18,1610612744,1610612758
21701128,"MAR 29, 2018",2017-18,1610612749,1610612744
21701114,"MAR 27, 2018",2017-18,1610612754,1610612744
21701102,"MAR 25, 2018",2017-18,1610612762,1610612744
21701056,"MAR 19, 2018",2017-18,1610612744,1610612759
21701044,"MAR 17, 2018",2017-18,1610612744,1610612756
21701033,"MAR 16, 2018",2017-18,1610612758,1610612744
21701019,"MAR 14, 2018",2017-18,1610612747,1610612744
21700994,"MAR 11, 2018",2017-18,1610612744,1610612750
21700984,"MAR 09, 2018",2017-18,1610612744,1610612757
21700976,"MAR 08, 2018",2017-18,1610612759,1610612744
21700917,"FEB 28, 2018",2017-18,1610612744,1610612764
21700900,"FEB 26, 2018",2017-18,1610612744,1610612752
21700887,"FEB 24, 2018",2017-18,1610612760,1610612744
21700872,"FEB 22, 2018",2017-18,1610612746,1610612744
21700864,"FEB 14, 2018",2017-18,1610612744,1610612757
21700846,"FEB 12, 2018",2017-18,1610612756,1610612744
21700831,"FEB 10, 2018",2017-18,1610612759,1610612744
21700803,"FEB 06, 2018",2017-18,1610612760,1610612744
21700774,"FEB 02, 2018",2017-18,1610612744,1610612758
21700751,"JAN 30, 2018",2017-18,1610612744,1610612762
21700713,"JAN 25, 2018",2017-18,1610612750,1610612744
21700699,"JAN 23, 2018",2017-18,1610612752,1610612744
21700679,"JAN 20, 2018",2017-18,1610612744,1610612745
21700631,"JAN 13, 2018",2017-18,1610612744,1610612761
21700622,"JAN 12, 2018",2017-18,1610612744,1610612749
21700613,"JAN 10, 2018",2017-18,1610612746,1610612744
21700578,"JAN 06, 2018",2017-18,1610612744,1610612746
21700566,"JAN 04, 2018",2017-18,1610612744,1610612745
21700535,"DEC 30, 2017",2017-18,1610612763,1610612744
21700514,"DEC 27, 2017",2017-18,1610612762,1610612744
21700479,"DEC 22, 2017",2017-18,1610612747,1610612744
21700464,"DEC 20, 2017",2017-18,1610612763,1610612744
21700450,"DEC 18, 2017",2017-18,1610612744,1610612747
21700395,"DEC 11, 2017",2017-18,1610612757,1610612744
21700346,"DEC 04, 2017",2017-18,1610612744,1610612740
21700335,"DEC 03, 2017",2017-18,1610612744,1610612748
21700318,"DEC 01, 2017",2017-18,1610612744,1610612753
21700312,"NOV 29, 2017",2017-18,1610612744,1610612747
21700296,"NOV 27, 2017",2017-18,1610612758,1610612744
21700284,"NOV 25, 2017",2017-18,1610612740,1610612744
21700263,"NOV 22, 2017",2017-18,1610612744,1610612760
21700231,"NOV 18, 2017",2017-18,1610612744,1610612755
21700199,"NOV 13, 2017",2017-18,1610612753,1610612744
21700184,"NOV 11, 2017",2017-18,1610612755,1610612744
21700163,"NOV 08, 2017",2017-18,1610612750,1610612744
21700148,"NOV 06, 2017",2017-18,1610612748,1610612744
21700117,"NOV 02, 2017",2017-18,1610612744,1610612759
21700100,"OCT 30, 2017",2017-18,1610612744,1610612746
21700075,"OCT 27, 2017",2017-18,1610612764,1610612744
21700063,"OCT 25, 2017",2017-18,1610612761,1610612744
21700033,"OCT 21, 2017",2017-18,1610612744,1610612763
21700025,"OCT 20, 2017",2017-18,1610612744,1610612740
21700002,"OCT 17, 2017",2017-18,1610612745,1610612744
21701230,"APR 11, 2018",2017-18,1610612745,1610612758
21701218,"APR 10, 2018",2017-18,1610612745,1610612747
21701194,"APR 07, 2018",2017-18,1610612760,1610612745
21701177,"APR 05, 2018",2017-18,1610612757,1610612745
21701161,"APR 03, 2018",2017-18,1610612764,1610612745
21701145,"APR 01, 2018",2017-18,1610612745,1610612759
21701132,"MAR 30, 2018",2017-18,1610612756,1610612745
21701091,"MAR 24, 2018",2017-18,1610612740,1610612745
21701064,"MAR 20, 2018",2017-18,1610612745,1610612757
21701048,"MAR 18, 2018",2017-18,1610612745,1610612750
21701036,"MAR 17, 2018",2017-18,1610612745,1610612740
21701023,"MAR 15, 2018",2017-18,1610612746,1610612745
21701001,"MAR 12, 2018",2017-18,1610612759,1610612745
21700979,"MAR 09, 2018",2017-18,1610612745,1610612761
21700968,"MAR 07, 2018",2017-18,1610612745,1610612749
21700960,"MAR 06, 2018",2017-18,1610612745,1610612760
21700921,"FEB 28, 2018",2017-18,1610612745,1610612746
21700905,"FEB 26, 2018",2017-18,1610612745,1610612762
21700877,"FEB 23, 2018",2017-18,1610612750,1610612745
21700860,"FEB 14, 2018",2017-18,1610612758,1610612745
21700849,"FEB 13, 2018",2017-18,1610612745,1610612750
21700806,"FEB 07, 2018",2017-18,1610612745,1610612748
21700764,"FEB 01, 2018",2017-18,1610612745,1610612759
21700748,"JAN 30, 2018",2017-18,1610612753,1610612745
21700732,"JAN 28, 2018",2017-18,1610612756,1610612745
21700720,"JAN 26, 2018",2017-18,1610612745,1610612740
21700689,"JAN 22, 2018",2017-18,1610612748,1610612745
21700665,"JAN 18, 2018",2017-18,1610612750,1610612745
21700648,"JAN 15, 2018",2017-18,1610612745,1610612746
21700626,"JAN 12, 2018",2017-18,1610612745,1610612756
21700608,"JAN 10, 2018",2017-18,1610612757,1610612745
21700554,"JAN 03, 2018",2017-18,1610612745,1610612753
21700540,"DEC 31, 2017",2017-18,1610612747,1610612745
21700521,"DEC 29, 2017",2017-18,1610612745,1610612764
21700496,"DEC 25, 2017",2017-18,1610612745,1610612760
21700475,"DEC 22, 2017",2017-18,1610612746,1610612745
21700459,"DEC 20, 2017",2017-18,1610612747,1610612745
21700445,"DEC 18, 2017",2017-18,1610612762,1610612745
21700433,"DEC 16, 2017",2017-18,1610612749,1610612745
21700428,"DEC 15, 2017",2017-18,1610612759,1610612745
21700392,"DEC 11, 2017",2017-18,1610612740,1610612745
21700384,"DEC 09, 2017",2017-18,1610612745,1610612757
21700366,"DEC 07, 2017",2017-18,1610612745,1610612762
21700338,"DEC 03, 2017",2017-18,1610612745,1610612747
21700308,"NOV 29, 2017",2017-18,1610612754,1610612745
21700282,"NOV 25, 2017",2017-18,1610612752,1610612745
21700232,"NOV 18, 2017",2017-18,1610612745,1610612763
21700216,"NOV 16, 2017",2017-18,1610612745,1610612756
21700202,"NOV 14, 2017",2017-18,1610612761,1610612745
21700190,"NOV 12, 2017",2017-18,1610612745,1610612754
21700180,"NOV 11, 2017",2017-18,1610612763,1610612745
21700140,"NOV 05, 2017",2017-18,1610612762,1610612745
21700111,"NOV 01, 2017",2017-18,1610612745,1610612752
21700095,"OCT 30, 2017",2017-18,1610612755,1610612745
21700080,"OCT 28, 2017",2017-18,1610612745,1610612763
21700057,"OCT 25, 2017",2017-18,1610612745,1610612755
21700043,"OCT 23, 2017",2017-18,1610612763,1610612745
21700013,"OCT 18, 2017",2017-18,1610612745,1610612758
21701187,"APR 06, 2018",2017-18,1610612754,1610612761
21701146,"APR 01, 2018",2017-18,1610612754,1610612746
21701127,"MAR 29, 2018",2017-18,1610612754,1610612758
21701096,"MAR 25, 2018",2017-18,1610612748,1610612754
21701078,"MAR 23, 2018",2017-18,1610612746,1610612754
21700809,"MAR 21, 2018",2017-18,1610612754,1610612740
21701051,"MAR 19, 2018",2017-18,1610612747,1610612754
21701035,"MAR 17, 2018",2017-18,1610612754,1610612764
21701020,"MAR 15, 2018",2017-18,1610612761,1610612754
21701005,"MAR 13, 2018",2017-18,1610612754,1610612755
21700965,"MAR 07, 2018",2017-18,1610612762,1610612754
21700951,"MAR 05, 2018",2017-18,1610612749,1610612754
21700945,"MAR 04, 2018",2017-18,1610612754,1610612764
21700932,"MAR 02, 2018",2017-18,1610612754,1610612749
21700836,"FEB 11, 2018",2017-18,1610612752,1610612754
21700791,"FEB 05, 2018",2017-18,1610612764,1610612754
21700777,"FEB 03, 2018",2017-18,1610612755,1610612754
21700753,"JAN 31, 2018",2017-18,1610612763,1610612754
21700725,"JAN 27, 2018",2017-18,1610612753,1610612754
21700703,"JAN 24, 2018",2017-18,1610612756,1610612754
21700686,"JAN 21, 2018",2017-18,1610612754,1610612759
21700673,"JAN 19, 2018",2017-18,1610612754,1610612747
21700666,"JAN 18, 2018",2017-18,1610612754,1610612757
21700647,"JAN 15, 2018",2017-18,1610612754,1610612762
21700636,"JAN 14, 2018",2017-18,1610612754,1610612756
21700604,"JAN 10, 2018",2017-18,1610612748,1610612754
21700591,"JAN 08, 2018",2017-18,1610612749,1610612754
21700561,"JAN 03, 2018",2017-18,1610612754,1610612749
21700538,"DEC 31, 2017",2017-18,1610612750,1610612754
21700404,"DEC 13, 2017",2017-18,1610612760,1610612754
21700340,"DEC 04, 2017",2017-18,1610612752,1610612754
21700319,"DEC 01, 2017",2017-18,1610612754,1610612761
21700290,"NOV 27, 2017",2017-18,1610612753,1610612754
21700271,"NOV 24, 2017",2017-18,1610612761,1610612754
21700243,"NOV 20, 2017",2017-18,1610612754,1610612753
21700235,"NOV 19, 2017",2017-18,1610612754,1610612748
21700208,"NOV 15, 2017",2017-18,1610612754,1610612763
21700150,"NOV 07, 2017",2017-18,1610612740,1610612754
21700142,"NOV 05, 2017",2017-18,1610612754,1610612752
21700121,"NOV 03, 2017",2017-18,1610612754,1610612755
21700101,"OCT 31, 2017",2017-18,1610612758,1610612754
21700086,"OCT 29, 2017",2017-18,1610612759,1610612754
21700060,"OCT 25, 2017",2017-18,1610612754,1610612760
21700052,"OCT 24, 2017",2017-18,1610612754,1610612750
21700029,"OCT 21, 2017",2017-18,1610612754,1610612748
21700018,"OCT 20, 2017",2017-18,1610612757,1610612754
21701228,"APR 11, 2018",2017-18,1610612747,1610612746
21701212,"APR 09, 2018",2017-18,1610612740,1610612746
21701179,"APR 05, 2018",2017-18,1610612746,1610612762
21701168,"APR 03, 2018",2017-18,1610612759,1610612746
21701137,"MAR 30, 2018",2017-18,1610612746,1610612757
21701122,"MAR 28, 2018",2017-18,1610612746,1610612756
21701115,"MAR 27, 2018",2017-18,1610612749,1610612746
21701097,"MAR 25, 2018",2017-18,1610612746,1610612761
21701070,"MAR 21, 2018",2017-18,1610612746,1610612749
21701060,"MAR 20, 2018",2017-18,1610612746,1610612750
21701049,"MAR 18, 2018",2017-18,1610612757,1610612746
21701032,"MAR 16, 2018",2017-18,1610612746,1610612760
21700991,"MAR 10, 2018",2017-18,1610612753,1610612746
21700964,"MAR 06, 2018",2017-18,1610612740,1610612746
21700935,"MAR 02, 2018",2017-18,1610612752,1610612746
21700881,"FEB 23, 2018",2017-18,1610612746,1610612756
21700828,"FEB 10, 2018",2017-18,1610612746,1610612755
21700752,"JAN 30, 2018",2017-18,1610612757,1610612746
21700733,"JAN 28, 2018",2017-18,1610612746,1610612740
21700718,"JAN 26, 2018",2017-18,1610612746,1610612763
21700695,"JAN 22, 2018",2017-18,1610612750,1610612746
21700681,"JAN 20, 2018",2017-18,1610612746,1610612762
21700628,"JAN 13, 2018",2017-18,1610612758,1610612746
21700616,"JAN 11, 2018",2017-18,1610612746,1610612758
21700567,"JAN 04, 2018",2017-18,1610612760,1610612746
21700553,"JAN 02, 2018",2017-18,1610612763,1610612746
21700529,"DEC 29, 2017",2017-18,1610612746,1610612747
21700505,"DEC 26, 2017",2017-18,1610612758,1610612746
21700487,"DEC 23, 2017",2017-18,1610612746,1610612763
21700465,"DEC 20, 2017",2017-18,1610612756,1610612746
21700449,"DEC 18, 2017",2017-18,1610612746,1610612759
21700432,"DEC 16, 2017",2017-18,1610612746,1610612748
21700422,"DEC 15, 2017",2017-18,1610612746,1610612764
21700405,"DEC 13, 2017",2017-18,1610612746,1610612753
21700396,"DEC 11, 2017",2017-18,1610612761,1610612746
21700375,"DEC 09, 2017",2017-18,1610612764,1610612746
21700362,"DEC 06, 2017",2017-18,1610612750,1610612746
21700336,"DEC 03, 2017",2017-18,1610612746,1610612750
21700317,"NOV 30, 2017",2017-18,1610612762,1610612746
21700297,"NOV 27, 2017",2017-18,1610612747,1610612746
21700286,"NOV 25, 2017",2017-18,1610612746,1610612758
21700245,"NOV 20, 2017",2017-18,1610612746,1610612752
21700200,"NOV 13, 2017",2017-18,1610612755,1610612746
21700178,"NOV 11, 2017",2017-18,1610612746,1610612740
21700172,"NOV 10, 2017",2017-18,1610612746,1610612760
21700154,"NOV 07, 2017",2017-18,1610612746,1610612759
21700137,"NOV 05, 2017",2017-18,1610612748,1610612746
21700131,"NOV 04, 2017",2017-18,1610612763,1610612746
21700068,"OCT 26, 2017",2017-18,1610612746,1610612757
21700054,"OCT 24, 2017",2017-18,1610612762,1610612746
21700037,"OCT 21, 2017",2017-18,1610612756,1610612746
21700016,"OCT 19, 2017",2017-18,1610612746,1610612747
21701201,"APR 08, 2018",2017-18,1610612762,1610612747
21701190,"APR 06, 2018",2017-18,1610612750,1610612747
21701174,"APR 04, 2018",2017-18,1610612759,1610612747
21701166,"APR 03, 2018",2017-18,1610612747,1610612762
21701155,"APR 01, 2018",2017-18,1610612758,1610612747
21701136,"MAR 30, 2018",2017-18,1610612749,1610612747
21701092,"MAR 24, 2018",2017-18,1610612747,1610612763
21701075,"MAR 22, 2018",2017-18,1610612747,1610612740
21701034,"MAR 16, 2018",2017-18,1610612748,1610612747
21700971,"MAR 07, 2018",2017-18,1610612753,1610612747
21700956,"MAR 05, 2018",2017-18,1610612757,1610612747
21700940,"MAR 03, 2018",2017-18,1610612747,1610612759
21700922,"MAR 01, 2018",2017-18,1610612747,1610612748
21700891,"FEB 24, 2018",2017-18,1610612747,1610612758
21700866,"FEB 15, 2018",2017-18,1610612747,1610612750
21700862,"FEB 14, 2018",2017-18,1610612747,1610612740
21700816,"FEB 08, 2018",2017-18,1610612760,1610612747
21700804,"FEB 06, 2018",2017-18,1610612756,1610612747
21700788,"FEB 04, 2018",2017-18,1610612747,1610612760
21700754,"JAN 31, 2018",2017-18,1610612747,1610612753
21700735,"JAN 28, 2018",2017-18,1610612747,1610612761
21700684,"JAN 21, 2018",2017-18,1610612752,1610612747
21700660,"JAN 17, 2018",2017-18,1610612747,1610612760
21700645,"JAN 15, 2018",2017-18,1610612747,1610612763
21700617,"JAN 11, 2018",2017-18,1610612759,1610612747
21700602,"JAN 09, 2018",2017-18,1610612758,1610612747
21700565,"JAN 03, 2018",2017-18,1610612760,1610612747
21700548,"JAN 01, 2018",2017-18,1610612747,1610612750
21700515,"DEC 27, 2017",2017-18,1610612763,1610612747
21700497,"DEC 25, 2017",2017-18,1610612750,1610612747
21700491,"DEC 23, 2017",2017-18,1610612757,1610612747
21700399,"DEC 12, 2017",2017-18,1610612747,1610612752
21700363,"DEC 07, 2017",2017-18,1610612747,1610612755
21700266,"NOV 22, 2017",2017-18,1610612747,1610612758
21700227,"NOV 17, 2017",2017-18,1610612756,1610612747
21700214,"NOV 15, 2017",2017-18,1610612755,1610612747
21700196,"NOV 13, 2017",2017-18,1610612747,1610612756
21700182,"NOV 11, 2017",2017-18,1610612747,1610612749
21700164,"NOV 09, 2017",2017-18,1610612747,1610612764
21700145,"NOV 05, 2017",2017-18,1610612763,1610612747
21700118,"NOV 02, 2017",2017-18,1610612747,1610612757
21700082,"OCT 28, 2017",2017-18,1610612747,1610612762
21700076,"OCT 27, 2017",2017-18,1610612761,1610612747
21700064,"OCT 25, 2017",2017-18,1610612764,1610612747
21700040,"OCT 22, 2017",2017-18,1610612740,1610612747
21700026,"OCT 20, 2017",2017-18,1610612747,1610612756
21701227,"APR 11, 2018",2017-18,1610612763,1610612760
21701209,"APR 09, 2018",2017-18,1610612763,1610612750
21701188,"APR 06, 2018",2017-18,1610612758,1610612763
21701173,"APR 04, 2018",2017-18,1610612763,1610612740
21701154,"APR 01, 2018",2017-18,1610612763,1610612757
21701135,"MAR 30, 2018",2017-18,1610612763,1610612762
21701119,"MAR 28, 2018",2017-18,1610612757,1610612763
21701106,"MAR 26, 2018",2017-18,1610612763,1610612750
21701066,"MAR 21, 2018",2017-18,1610612763,1610612755
21701002,"MAR 12, 2018",2017-18,1610612749,1610612763
21700980,"MAR 09, 2018",2017-18,1610612762,1610612763
21700954,"MAR 05, 2018",2017-18,1610612763,1610612759
21700936,"MAR 03, 2018",2017-18,1610612763,1610612753
21700918,"FEB 28, 2018",2017-18,1610612756,1610612763
21700885,"FEB 24, 2018",2017-18,1610612763,1610612748
21700861,"FEB 14, 2018",2017-18,1610612760,1610612763
21700839,"FEB 11, 2018",2017-18,1610612763,1610612760
21700808,"FEB 07, 2018",2017-18,1610612762,1610612763
21700787,"FEB 04, 2018",2017-18,1610612763,1610612761
21700740,"JAN 29, 2018",2017-18,1610612756,1610612763
21700707,"JAN 24, 2018",2017-18,1610612759,1610612763
21700690,"JAN 22, 2018",2017-18,1610612755,1610612763
21700677,"JAN 20, 2018",2017-18,1610612763,1610612740
21700670,"JAN 19, 2018",2017-18,1610612758,1610612763
21700658,"JAN 17, 2018",2017-18,1610612752,1610612763
21700609,"JAN 10, 2018",2017-18,1610612740,1610612763
21700575,"JAN 05, 2018",2017-18,1610612764,1610612763
21700543,"DEC 31, 2017",2017-18,1610612763,1610612758
21700504,"DEC 26, 2017",2017-18,1610612763,1610612756
21700469,"DEC 21, 2017",2017-18,1610612763,1610612756
21700406,"DEC 13, 2017",2017-18,1610612763,1610612764
21700393,"DEC 11, 2017",2017-18,1610612748,1610612763
21700382,"DEC 09, 2017",2017-18,1610612760,1610612763
21700371,"DEC 08, 2017",2017-18,1610612761,1610612763
21700357,"DEC 06, 2017",2017-18,1610612763,1610612752
21700345,"DEC 04, 2017",2017-18,1610612750,1610612763
21700323,"DEC 01, 2017",2017-18,1610612759,1610612763
21700311,"NOV 29, 2017",2017-18,1610612763,1610612759
21700246,"NOV 20, 2017",2017-18,1610612757,1610612763
21700194,"NOV 13, 2017",2017-18,1610612763,1610612749
21700157,"NOV 07, 2017",2017-18,1610612763,1610612757
21700112,"NOV 01, 2017",2017-18,1610612753,1610612763
21700008,"OCT 18, 2017",2017-18,1610612740,1610612763
21701221,"APR 11, 2018",2017-18,1610612761,1610612748
21701206,"APR 09, 2018",2017-18,1610612760,1610612748
21701186,"APR 06, 2018",2017-18,1610612748,1610612752
21701084,"MAR 23, 2018",2017-18,1610612748,1610612760
21701068,"MAR 21, 2018",2017-18,1610612752,1610612748
21701018,"MAR 14, 2018",2017-18,1610612748,1610612758
21701004,"MAR 12, 2018",2017-18,1610612748,1610612757
21700988,"MAR 10, 2018",2017-18,1610612764,1610612748
21700973,"MAR 08, 2018",2017-18,1610612755,1610612748
21700959,"MAR 06, 2018",2017-18,1610612748,1610612764
21700952,"MAR 05, 2018",2017-18,1610612756,1610612748
21700909,"FEB 27, 2018",2017-18,1610612755,1610612748
21700879,"FEB 23, 2018",2017-18,1610612748,1610612740
21700855,"FEB 14, 2018",2017-18,1610612748,1610612755
21700847,"FEB 13, 2018",2017-18,1610612748,1610612761
21700821,"FEB 09, 2018",2017-18,1610612749,1610612748
21700792,"FEB 05, 2018",2017-18,1610612753,1610612748
21700770,"FEB 02, 2018",2017-18,1610612748,1610612755
21700710,"JAN 25, 2018",2017-18,1610612758,1610612748
21700659,"JAN 17, 2018",2017-18,1610612748,1610612749
21700634,"JAN 14, 2018",2017-18,1610612749,1610612748
21700599,"JAN 09, 2018",2017-18,1610612748,1610612761
21700586,"JAN 07, 2018",2017-18,1610612762,1610612748
21700568,"JAN 05, 2018",2017-18,1610612752,1610612748
21700531,"DEC 30, 2017",2017-18,1610612748,1610612753
21700500,"DEC 26, 2017",2017-18,1610612753,1610612748
21700486,"DEC 23, 2017",2017-18,1610612740,1610612748
21700408,"DEC 13, 2017",2017-18,1610612757,1610612748
21700361,"DEC 06, 2017",2017-18,1610612748,1610612759
21700306,"NOV 29, 2017",2017-18,1610612748,1610612752
21700272,"NOV 24, 2017",2017-18,1610612748,1610612750
21700218,"NOV 17, 2017",2017-18,1610612748,1610612764
21700205,"NOV 15, 2017",2017-18,1610612764,1610612748
21700175,"NOV 10, 2017",2017-18,1610612748,1610612762
21700162,"NOV 08, 2017",2017-18,1610612748,1610612756
21700093,"OCT 30, 2017",2017-18,1610612750,1610612748
21700059,"OCT 25, 2017",2017-18,1610612759,1610612748
21700005,"OCT 18, 2017",2017-18,1610612748,1610612753
21701223,"APR 11, 2018",2017-18,1610612749,1610612755
21701208,"APR 09, 2018",2017-18,1610612753,1610612749
21701192,"APR 07, 2018",2017-18,1610612749,1610612752
21701095,"MAR 25, 2018",2017-18,1610612759,1610612749
21701016,"MAR 14, 2018",2017-18,1610612749,1610612753
21700981,"MAR 09, 2018",2017-18,1610612752,1610612749
21700947,"MAR 04, 2018",2017-18,1610612755,1610612749
21700910,"FEB 27, 2018",2017-18,1610612764,1610612749
21700893,"FEB 25, 2018",2017-18,1610612740,1610612749
21700876,"FEB 23, 2018",2017-18,1610612749,1610612761
21700827,"FEB 10, 2018",2017-18,1610612749,1610612753
21700801,"FEB 06, 2018",2017-18,1610612749,1610612752
21700771,"FEB 02, 2018",2017-18,1610612752,1610612749
21700763,"FEB 01, 2018",2017-18,1610612749,1610612750
21700741,"JAN 29, 2018",2017-18,1610612755,1610612749
21700691,"JAN 22, 2018",2017-18,1610612756,1610612749
21700678,"JAN 20, 2018",2017-18,1610612749,1610612755
21700640,"JAN 15, 2018",2017-18,1610612749,1610612764
21700610,"JAN 10, 2018",2017-18,1610612753,1610612749
21700583,"JAN 06, 2018",2017-18,1610612749,1610612764
21700571,"JAN 05, 2018",2017-18,1610612761,1610612749
21700546,"JAN 01, 2018",2017-18,1610612749,1610612761
21700526,"DEC 29, 2017",2017-18,1610612749,1610612760
21700518,"DEC 28, 2017",2017-18,1610612750,1610612749
21700410,"DEC 13, 2017",2017-18,1610612749,1610612740
21700381,"DEC 09, 2017",2017-18,1610612762,1610612749
21700331,"DEC 02, 2017",2017-18,1610612758,1610612749
21700316,"NOV 30, 2017",2017-18,1610612749,1610612757
21700302,"NOV 28, 2017",2017-18,1610612749,1610612758
21700285,"NOV 25, 2017",2017-18,1610612749,1610612762
21700264,"NOV 22, 2017",2017-18,1610612749,1610612756
21700247,"NOV 20, 2017",2017-18,1610612764,1610612749
21700173,"NOV 10, 2017",2017-18,1610612749,1610612759
21700103,"OCT 31, 2017",2017-18,1610612760,1610612749
21700034,"OCT 21, 2017",2017-18,1610612757,1610612749
21701151,"APR 01, 2018",2017-18,1610612762,1610612750
21701088,"MAR 24, 2018",2017-18,1610612750,1610612755
21701081,"MAR 23, 2018",2017-18,1610612750,1610612752
21701042,"MAR 17, 2018",2017-18,1610612750,1610612759
21701006,"MAR 13, 2018",2017-18,1610612750,1610612764
21700934,"MAR 02, 2018",2017-18,1610612750,1610612762
21700925,"MAR 01, 2018",2017-18,1610612750,1610612757
21700906,"FEB 26, 2018",2017-18,1610612750,1610612758
21700838,"FEB 11, 2018",2017-18,1610612758,1610612750
21700780,"FEB 03, 2018",2017-18,1610612740,1610612750
21700746,"JAN 30, 2018",2017-18,1610612750,1610612761
21700708,"JAN 24, 2018",2017-18,1610612750,1610612757
21700680,"JAN 20, 2018",2017-18,1610612761,1610612750
21700649,"JAN 16, 2018",2017-18,1610612750,1610612753
21700637,"JAN 14, 2018",2017-18,1610612757,1610612750
21700623,"JAN 12, 2018",2017-18,1610612752,1610612750
21700611,"JAN 10, 2018",2017-18,1610612760,1610612750
21700584,"JAN 06, 2018",2017-18,1610612740,1610612750
21700490,"DEC 23, 2017",2017-18,1610612750,1610612756
21700446,"DEC 18, 2017",2017-18,1610612757,1610612750
21700434,"DEC 16, 2017",2017-18,1610612756,1610612750
21700416,"DEC 14, 2017",2017-18,1610612758,1610612750
21700401,"DEC 12, 2017",2017-18,1610612755,1610612750
21700324,"DEC 01, 2017",2017-18,1610612750,1610612760
21700309,"NOV 29, 2017",2017-18,1610612750,1610612740
21700300,"NOV 28, 2017",2017-18,1610612764,1610612750
21700288,"NOV 26, 2017",2017-18,1610612756,1610612750
21700261,"NOV 22, 2017",2017-18,1610612753,1610612750
21700210,"NOV 15, 2017",2017-18,1610612759,1610612750
21700197,"NOV 13, 2017",2017-18,1610612750,1610612762
21700186,"NOV 11, 2017",2017-18,1610612750,1610612756
21700113,"NOV 01, 2017",2017-18,1610612750,1610612740
21700074,"OCT 27, 2017",2017-18,1610612760,1610612750
21700039,"OCT 22, 2017",2017-18,1610612750,1610612760
21700023,"OCT 20, 2017",2017-18,1610612762,1610612750
21700011,"OCT 18, 2017",2017-18,1610612750,1610612759
21701226,"APR 11, 2018",2017-18,1610612759,1610612740
21701189,"APR 06, 2018",2017-18,1610612740,1610612756
21701150,"APR 01, 2018",2017-18,1610612760,1610612740
21701112,"MAR 27, 2018",2017-18,1610612757,1610612740
21701025,"MAR 15, 2018",2017-18,1610612740,1610612759
21700995,"MAR 11, 2018",2017-18,1610612762,1610612740
21700982,"MAR 09, 2018",2017-18,1610612764,1610612740
21700969,"MAR 07, 2018",2017-18,1610612740,1610612758
21700920,"FEB 28, 2018",2017-18,1610612740,1610612759
21700902,"FEB 26, 2018",2017-18,1610612756,1610612740
21700818,"FEB 09, 2018",2017-18,1610612740,1610612755
21700793,"FEB 05, 2018",2017-18,1610612762,1610612740
21700772,"FEB 02, 2018",2017-18,1610612740,1610612760
21700749,"JAN 30, 2018",2017-18,1610612758,1610612740
21700635,"JAN 14, 2018",2017-18,1610612740,1610612752
21700624,"JAN 12, 2018",2017-18,1610612757,1610612740
21700564,"JAN 03, 2018",2017-18,1610612740,1610612762
21700532,"DEC 30, 2017",2017-18,1610612752,1610612740
21700472,"DEC 22, 2017",2017-18,1610612740,1610612753
21700452,"DEC 19, 2017",2017-18,1610612740,1610612764
21700389,"DEC 10, 2017",2017-18,1610612755,1610612740
21700373,"DEC 08, 2017",2017-18,1610612758,1610612740
21700333,"DEC 02, 2017",2017-18,1610612740,1610612757
21700325,"DEC 01, 2017",2017-18,1610612740,1610612762
21700275,"NOV 24, 2017",2017-18,1610612740,1610612756
21700262,"NOV 22, 2017",2017-18,1610612759,1610612740
21700248,"NOV 20, 2017",2017-18,1610612760,1610612740
21700211,"NOV 15, 2017",2017-18,1610612761,1610612740
21700165,"NOV 09, 2017",2017-18,1610612740,1610612761
21700097,"OCT 30, 2017",2017-18,1610612753,1610612740
21700069,"OCT 26, 2017",2017-18,1610612740,1610612758
21700053,"OCT 24, 2017",2017-18,1610612740,1610612757
21701159,"APR 03, 2018",2017-18,1610612753,1610612752
21701118,"MAR 28, 2018",2017-18,1610612752,1610612755
21701098,"MAR 25, 2018",2017-18,1610612752,1610612764
21701022,"MAR 15, 2018",2017-18,1610612755,1610612752
21700992,"MAR 11, 2018",2017-18,1610612761,1610612752
21700962,"MAR 06, 2018",2017-18,1610612752,1610612757
21700949,"MAR 04, 2018",2017-18,1610612752,1610612758
21700868,"FEB 22, 2018",2017-18,1610612752,1610612753
21700857,"FEB 14, 2018",2017-18,1610612764,1610612752
21700842,"FEB 12, 2018",2017-18,1610612752,1610612755
21700812,"FEB 08, 2018",2017-18,1610612752,1610612761
21700723,"JAN 26, 2018",2017-18,1610612752,1610612756
21700672,"JAN 19, 2018",2017-18,1610612752,1610612762
21700556,"JAN 03, 2018",2017-18,1610612752,1610612764
21700550,"JAN 02, 2018",2017-18,1610612759,1610612752
21700519,"DEC 28, 2017",2017-18,1610612752,1610612759
21700493,"DEC 25, 2017",2017-18,1610612755,1610612752
21700431,"DEC 16, 2017",2017-18,1610612760,1610612752
21700334,"DEC 03, 2017",2017-18,1610612753,1610612752
21700293,"NOV 27, 2017",2017-18,1610612757,1610612752
21700258,"NOV 22, 2017",2017-18,1610612761,1610612752
21700221,"NOV 17, 2017",2017-18,1610612752,1610612761
21700206,"NOV 15, 2017",2017-18,1610612762,1610612752
21700179,"NOV 11, 2017",2017-18,1610612758,1610612752
21700160,"NOV 08, 2017",2017-18,1610612752,1610612753
21700124,"NOV 03, 2017",2017-18,1610612756,1610612752
21700015,"OCT 19, 2017",2017-18,1610612752,1610612760
21701126,"MAR 29, 2018",2017-18,1610612760,1610612759
21701100,"MAR 25, 2018",2017-18,1610612757,1610612760
21701046,"MAR 18, 2018",2017-18,1610612760,1610612761
21701003,"MAR 12, 2018",2017-18,1610612758,1610612760
21700990,"MAR 10, 2018",2017-18,1610612759,1610612760
21700975,"MAR 08, 2018",2017-18,1610612756,1610612760
21700941,"MAR 03, 2018",2017-18,1610612760,1610612757
21700933,"MAR 02, 2018",2017-18,1610612760,1610612756
21700903,"FEB 26, 2018",2017-18,1610612753,1610612760
21700871,"FEB 22, 2018",2017-18,1610612760,1610612758
21700744,"JAN 30, 2018",2017-18,1610612760,1610612764
21700736,"JAN 28, 2018",2017-18,1610612755,1610612760
21700711,"JAN 25, 2018",2017-18,1610612764,1610612760
21700643,"JAN 15, 2018",2017-18,1610612758,1610612760
21700600,"JAN 09, 2018",2017-18,1610612757,1610612760
21700588,"JAN 07, 2018",2017-18,1610612760,1610612756
21700512,"DEC 27, 2017",2017-18,1610612761,1610612760
21700488,"DEC 23, 2017",2017-18,1610612760,1610612762
21700460,"DEC 20, 2017",2017-18,1610612762,1610612760
21700421,"DEC 15, 2017",2017-18,1610612760,1610612755
21700351,"DEC 05, 2017",2017-18,1610612762,1610612760
21700337,"DEC 03, 2017",2017-18,1610612759,1610612760
21700304,"NOV 29, 2017",2017-18,1610612760,1610612753
21700223,"NOV 17, 2017",2017-18,1610612760,1610612759
21700158,"NOV 07, 2017",2017-18,1610612760,1610612758
21700144,"NOV 05, 2017",2017-18,1610612760,1610612757
21700036,"OCT 21, 2017",2017-18,1610612760,1610612762
21701222,"APR 11, 2018",2017-18,1610612764,1610612753
21701200,"APR 08, 2018",2017-18,1610612753,1610612761
21701090,"MAR 24, 2018",2017-18,1610612756,1610612753
21701073,"MAR 22, 2018",2017-18,1610612755,1610612753
21701058,"MAR 20, 2018",2017-18,1610612761,1610612753
21701012,"MAR 13, 2018",2017-18,1610612753,1610612759
21700985,"MAR 09, 2018",2017-18,1610612753,1610612758
21700955,"MAR 05, 2018",2017-18,1610612753,1610612762
21700914,"FEB 28, 2018",2017-18,1610612761,1610612753
21700884,"FEB 24, 2018",2017-18,1610612753,1610612755
21700778,"FEB 03, 2018",2017-18,1610612764,1610612753
21700696,"JAN 23, 2018",2017-18,1610612758,1610612753
21700620,"JAN 12, 2018",2017-18,1610612753,1610612764
21700483,"DEC 23, 2017",2017-18,1610612753,1610612764
21700420,"DEC 15, 2017",2017-18,1610612757,1610612753
21700278,"NOV 25, 2017",2017-18,1610612753,1610612755
21700229,"NOV 18, 2017",2017-18,1610612762,1610612753
21700213,"NOV 15, 2017",2017-18,1610612753,1610612757
21700174,"NOV 10, 2017",2017-18,1610612753,1610612756
21700071,"OCT 27, 2017",2017-18,1610612759,1610612753
21700895,"FEB 25, 2018",2017-18,1610612755,1610612764
21700802,"FEB 06, 2018",2017-18,1610612764,1610612755
21700722,"JAN 26, 2018",2017-18,1610612755,1610612759
21700639,"JAN 15, 2018",2017-18,1610612761,1610612755
21700555,"JAN 03, 2018",2017-18,1610612759,1610612755
21700544,"DEC 31, 2017",2017-18,1610612755,1610612756
21700520,"DEC 28, 2017",2017-18,1610612755,1610612757
21700480,"DEC 23, 2017",2017-18,1610612755,1610612761
21700467,"DEC 21, 2017",2017-18,1610612761,1610612755
21700451,"DEC 19, 2017",2017-18,1610612758,1610612755
21700341,"DEC 04, 2017",2017-18,1610612756,1610612755
21700305,"NOV 29, 2017",2017-18,1610612764,1610612755
21700255,"NOV 22, 2017",2017-18,1610612757,1610612755
21700244,"NOV 20, 2017",2017-18,1610612762,1610612755
21700167,"NOV 09, 2017",2017-18,1610612755,1610612758
21700156,"NOV 07, 2017",2017-18,1610612755,1610612762
21700027,"OCT 21, 2017",2017-18,1610612755,1610612761
21700006,"OCT 18, 2017",2017-18,1610612755,1610612764
21701167,"APR 03, 2018",2017-18,1610612758,1610612756
21701027,"MAR 15, 2018",2017-18,1610612756,1610612762
21700889,"FEB 24, 2018",2017-18,1610612757,1610612756
21700863,"FEB 14, 2018",2017-18,1610612756,1610612762
21700810,"FEB 07, 2018",2017-18,1610612759,1610612756
21700773,"FEB 02, 2018",2017-18,1610612762,1610612756
21700652,"JAN 16, 2018",2017-18,1610612756,1610612757
21700573,"JAN 05, 2018",2017-18,1610612756,1610612759
21700527,"DEC 29, 2017",2017-18,1610612756,1610612758
21700411,"DEC 13, 2017",2017-18,1610612761,1610612756
21700403,"DEC 12, 2017",2017-18,1610612756,1610612758
21700383,"DEC 09, 2017",2017-18,1610612759,1610612756
21700364,"DEC 07, 2017",2017-18,1610612764,1610612756
21700350,"DEC 05, 2017",2017-18,1610612756,1610612761
21700141,"NOV 05, 2017",2017-18,1610612756,1610612759
21700108,"NOV 01, 2017",2017-18,1610612756,1610612764
21700083,"OCT 28, 2017",2017-18,1610612756,1610612757
21700062,"OCT 25, 2017",2017-18,1610612762,1610612756
21700048,"OCT 23, 2017",2017-18,1610612758,1610612756
21700012,"OCT 18, 2017",2017-18,1610612757,1610612756
21701229,"APR 11, 2018",2017-18,1610612762,1610612757
21701196,"APR 07, 2018",2017-18,1610612757,1610612759
21700911,"FEB 27, 2018",2017-18,1610612758,1610612757
21700882,"FEB 23, 2018",2017-18,1610612757,1610612762
21700840,"FEB 11, 2018",2017-18,1610612762,1610612757
21700825,"FEB 09, 2018",2017-18,1610612757,1610612758
21700769,"FEB 02, 2018",2017-18,1610612757,1610612761
21700589,"JAN 07, 2018",2017-18,1610612759,1610612757
21700463,"DEC 20, 2017",2017-18,1610612759,1610612757
21700352,"DEC 05, 2017",2017-18,1610612764,1610612757
21700279,"NOV 25, 2017",2017-18,1610612757,1610612764
21700234,"NOV 18, 2017",2017-18,1610612758,1610612757
21700225,"NOV 17, 2017",2017-18,1610612757,1610612758
21700115,"NOV 01, 2017",2017-18,1610612757,1610612762
21700099,"OCT 30, 2017",2017-18,1610612761,1610612757
21701210,"APR 09, 2018",2017-18,1610612758,1610612759
21701043,"MAR 17, 2018",2017-18,1610612758,1610612762
21700942,"MAR 03, 2018",2017-18,1610612762,1610612758
21700737,"JAN 28, 2018",2017-18,1610612758,1610612759
21700661,"JAN 17, 2018",2017-18,1610612762,1610612758
21700596,"JAN 08, 2018",2017-18,1610612759,1610612758
21700492,"DEC 23, 2017",2017-18,1610612759,1610612758
21700437,"DEC 17, 2017",2017-18,1610612758,1610612761
21700385,"DEC 10, 2017",2017-18,1610612761,1610612758
21700192,"NOV 13, 2017",2017-18,1610612758,1610612764
21700089,"OCT 29, 2017",2017-18,1610612764,1610612758
21701108,"MAR 27, 2018",2017-18,1610612759,1610612764
21701085,"MAR 23, 2018",2017-18,1610612762,1610612759
21701071,"MAR 21, 2018",2017-18,1610612764,1610612759
21700845,"FEB 12, 2018",2017-18,1610612759,1610612762
21700781,"FEB 03, 2018",2017-18,1610612762,1610612759
21700667,"JAN 19, 2018",2017-18,1610612759,1610612761
21700470,"DEC 21, 2017",2017-18,1610612759,1610612762
21700046,"OCT 23, 2017",2017-18,1610612761,1610612759
21700929,"MAR 02, 2018",2017-18,1610612761,1610612764
21700762,"FEB 01, 2018",2017-18,1610612761,1610612764
21700716,"JAN 26, 2018",2017-18,1610612762,1610612761
21700237,"NOV 19, 2017",2017-18,1610612764,1610612761
21700139,"NOV 05, 2017",2017-18,1610612764,1610612761
21700128,"NOV 03, 2017",2017-18,1610612761,1610612762
21700605,"JAN 10, 2018",2017-18,1610612762,1610612764
21700349,"DEC 04, 2017",2017-18,1610612764,1610612762
